Relojería arroz0	True	mg	27	Relojería
Cerrajería aquellas1	False	mL	94	Golpe
Sujeción precisar2	True	g	61	Relojería
Cerrajería expresión3	True	metros	26	Tornillos
Multifunción acompañar4	False	kg	125	Golpe
Herrería se5	True	unidades	111	Tornillos
Campo bisnieto6	False	unidades	101	Ajuste
Multifunción deber7	True	kg	16	Campo
Unión oreja8	True	kg	151	De
Jardinería largo,9	True	mg	187	Carpintería
Tornillos pasado10	False	metros	42	De
Pintura mariposa11	False	kg	118	Electricidad
De entrevistar12	True	mg	198	Corte
Medición mejora13	True	mL	44	Plomería
Ajuste razón14	True	mL	3	Sujeción
Herrería acercar15	False	metros	12	Golpe
Multifunción cero16	True	g	17	Montaje
Tornillos ciruela17	False	mg	117	Cerrajería
Precisión despacio18	True	kg	139	Montaje
Medición sea19	False	metros	4	Mecánicas
Corte orden20	False	L	63	Sujeción
Fijación empeorar21	False	mg	177	Electricidad
Soldadura rosa,22	False	g	151	Herrería
Carpintería figura23	False	metros	28	Plomería
Electricidad amplio24	False	g	116	Fijación
Campo Adverbios25	True	L	37	Precisión
Precisión solicitar26	False	mL	183	De
Construcción probablemente27	False	L	51	Golpe
Tornillos tres28	False	mg	177	Sujeción
Medición mentira29	False	unidades	119	Relojería
Pintura cuánto30	False	kg	58	Precisión
Golpe orden31	False	metros	179	Fijación
Fijación cultural32	True	L	94	Medición
Relojería último33	True	L	200	Cerrajería
Desbaste fábrica34	True	L	50	Desbaste
Carpintería mostrar35	False	unidades	35	Montaje
Unión águila36	True	L	152	Carpintería
Medición Sociedad37	True	g	14	Construcción
Corte seguir38	False	g	149	Soldadura
Herrería centímetro39	False	unidades	135	Herrería
Plomería apestoso,40	False	unidades	118	Electricidad
Relojería enojarse,41	True	metros	25	Plomería
De anciana42	False	kg	21	Electricidad
Unión ardiente43	False	unidades	155	Unión
Sujeción separar,44	True	g	41	Montaje
Corte junto45	False	mL	162	Corte
Pintura grueso46	False	unidades	118	Unión
Desbaste primera47	True	unidades	145	Jardinería
Electricidad confianza48	False	g	4	Carpintería
Mecánicas bolsillo49	True	mg	154	Fijación
Golpe llevar50	True	unidades	6	Desbaste
Mecánicas bosque51	False	unidades	153	Mecánicas
Sujeción libro52	False	L	118	Plomería
Pintura contigo53	False	mg	111	Cerrajería
Jardinería terminar,54	False	unidades	11	Multifunción
Precisión triste55	True	unidades	53	Relojería
Herrería ley56	False	metros	66	Relojería
Plomería reparar57	False	kg	22	Montaje
Sujeción oler58	True	L	123	Carpintería
Mecánicas éxito59	False	mL	2	Electricidad
Ajuste exterior60	False	unidades	78	Cerrajería
Electricidad ahora61	True	kg	134	Cerrajería
Campo domingo62	False	unidades	62	Tornillos
Multifunción entender,63	True	g	181	Golpe
Carpintería vuestra64	False	L	145	Jardinería
Precisión a65	True	g	111	Pintura
Multifunción esas66	True	mL	20	Mecánicas
Campo ni67	True	mL	103	Tornillos
Ajuste desierto68	False	kg	172	Herrería
Construcción nosotras69	True	metros	89	Tornillos
Plomería diferencia70	False	unidades	144	Relojería
Tornillos control71	False	kg	199	Fijación
Sujeción absoluto72	True	g	29	Carpintería
Golpe dibujo73	False	g	190	De
Multifunción carta74	False	L	164	Electricidad
Plomería escritorio75	False	mg	132	Unión
Soldadura diez76	True	mg	79	Multifunción
Precisión hilo77	True	L	152	De
Ajuste adrede78	False	mg	92	Campo
Montaje decisión79	True	mg	106	Campo
Sujeción Adjetivos80	True	L	175	Relojería
Unión relación81	False	metros	145	Unión
Carpintería gracias82	False	mL	129	De
Campo cultura83	True	metros	66	Pintura
Campo nosotros,84	True	g	14	Construcción
Mecánicas gorrión85	False	L	85	Jardinería
Construcción zapato86	True	kg	40	Relojería
Precisión sol87	True	mg	122	Medición
Soldadura construir88	True	mg	0	Herrería
De diagonal89	True	L	9	Golpe
Montaje hablar90	True	g	154	Unión
Tornillos además91	False	kg	176	Cerrajería
Corte desde92	True	kg	198	Soldadura
Sujeción creer93	False	g	85	Unión
Construcción calzón94	False	kg	189	Tornillos
Multifunción colegio95	False	kg	56	Jardinería
Carpintería sorpresa96	False	metros	61	Unión
Campo transporte,97	True	L	74	Carpintería
Cerrajería hierro98	False	mg	64	Herrería
Jardinería chaqueta99	True	metros	127	Herrería
Construcción religión100	True	unidades	159	De
Electricidad corte101	True	L	156	Plomería
Jardinería seguir102	True	mg	75	De
Montaje trabajar103	True	L	71	Relojería
Corte obtener,104	True	g	169	Medición
Jardinería asimismo105	True	metros	7	Herrería
Plomería chino106	True	g	84	Fijación
Campo rata107	True	kg	148	Cerrajería
Campo libro108	False	mg	166	Montaje
Cerrajería calzón109	False	mg	187	Desbaste
Relojería representante110	False	g	195	Carpintería
Carpintería favor111	True	g	19	Tornillos
Relojería agitado112	True	mL	101	Ajuste
Fijación café113	True	kg	168	Jardinería
Carpintería siquiera114	False	g	18	Pintura
Construcción de115	True	kg	18	De
Campo senador116	False	kg	39	Ajuste
Golpe guisantes117	True	L	14	Jardinería
Soldadura avena118	True	kg	93	Mecánicas
Relojería tanto119	False	mL	194	Plomería
Electricidad dos120	False	mL	112	Multifunción
Relojería intercambiar121	True	mL	119	Tornillos
Unión corazón122	False	g	126	Corte
Soldadura Lenguaje123	True	mg	128	Montaje
Campo comida124	False	mL	90	Unión
Carpintería pie125	False	mL	31	Jardinería
Corte dado126	False	mg	101	Golpe
Campo ómnibus127	True	mL	197	Pintura
Multifunción Actividades128	True	metros	149	Herrería
Carpintería millón129	False	unidades	86	Sujeción
Mecánicas formación130	False	unidades	138	Cerrajería
Soldadura ruta131	True	mL	141	Ajuste
De café132	False	L	15	Herrería
Carpintería situación133	False	mg	176	Tornillos
Desbaste falso134	True	unidades	189	Fijación
Plomería bisabuela135	False	mg	138	Tornillos
Ajuste esposa136	False	mL	54	Cerrajería
Electricidad amanecer137	False	metros	22	Construcción
Soldadura encantado138	False	mg	110	Cerrajería
Cerrajería obra139	True	L	195	Tornillos
Electricidad rayo140	True	mg	153	Electricidad
De brazo141	False	mL	137	Desbaste
Jardinería comisión142	False	L	19	Corte
Corte sentimientos143	True	L	190	Golpe
Desbaste nacional144	True	unidades	166	Tornillos
Electricidad comida145	False	mL	65	Ajuste
De calmo146	False	metros	169	Sujeción
Golpe a147	False	mg	102	Montaje
Herrería morder148	False	mg	103	Ajuste
Mecánicas sobre149	True	g	158	Precisión
Plomería pensar150	False	unidades	101	Desbaste
Golpe evaluar151	True	mL	71	Campo
Montaje ello152	True	g	60	Soldadura
Cerrajería de153	True	g	74	Cerrajería
Golpe tanto154	True	L	196	Unión
Jardinería origen155	False	mg	44	Fijación
Precisión vuestra156	False	g	59	Campo
Mecánicas debajo157	False	mg	182	Precisión
Herrería ciencia158	False	L	183	Electricidad
Jardinería tristeza159	True	mg	34	Medición
Relojería boleto160	True	metros	132	Soldadura
Montaje amplio161	False	mL	63	Golpe
Carpintería aumento162	True	kg	134	Jardinería
Cerrajería picante,163	True	mg	69	Herrería
Campo información164	False	unidades	11	Campo
Tornillos especie165	False	g	173	De
Campo señor166	False	mg	113	Soldadura
Medición cierto167	True	g	1	Unión
De cine168	False	mg	72	Jardinería
Mecánicas ataque169	True	g	173	Soldadura
Cerrajería cola170	True	L	179	Fijación
Relojería doloroso171	False	g	141	Multifunción
Relojería judías172	False	unidades	43	Cerrajería
Unión extranjero173	False	unidades	118	Sujeción
Soldadura quinto174	False	L	155	Campo
Tornillos autoridad175	False	kg	30	Sujeción
Ajuste regional176	True	L	196	Golpe
Construcción nieta177	False	L	119	Jardinería
Tornillos diente178	False	unidades	91	Montaje
Electricidad sin179	True	unidades	143	Pintura
Montaje cuáles180	False	unidades	184	Montaje
Electricidad obtener,181	False	mL	159	Ajuste
Cerrajería afuera,182	True	kg	33	De
Golpe sobrino183	False	mg	143	De
Cerrajería comprender184	False	mg	88	Pintura
Soldadura fresco185	False	unidades	32	Jardinería
Soldadura movimiento186	False	mL	42	Herrería
Carpintería Plantas187	True	metros	72	Corte
Corte clavar188	True	L	102	Fijación
Herrería mariposa189	False	mg	59	Montaje
Tornillos Actividades190	False	unidades	190	Desbaste
Herrería estilo191	False	L	86	Ajuste
Carpintería situación192	False	kg	54	Medición
Montaje gripe193	False	mg	128	Construcción
Fijación consigo194	True	mL	142	Cerrajería
Soldadura aparecer195	False	L	93	Campo
Electricidad informe196	False	kg	182	Sujeción
Pintura atención197	True	metros	122	Golpe
Medición crear198	False	mL	162	Cerrajería
Tornillos consigo199	False	kg	103	Tornillos
Tornillos cocodrilo200	True	g	109	De
Soldadura calcetines201	False	unidades	34	Jardinería
Fijación lunes202	False	mL	87	Tornillos
Montaje zapato203	False	kg	144	Cerrajería
Multifunción únicamente204	False	mL	152	Construcción
Tornillos afuera,205	False	unidades	86	De
Corte a206	True	kg	168	Campo
Desbaste pesar207	False	metros	188	Jardinería
Golpe cocodrilo208	False	mL	25	Mecánicas
De botón209	False	kg	137	Carpintería
Sujeción obvio210	False	unidades	12	Precisión
Cerrajería y211	False	unidades	70	Electricidad
Construcción origen,212	False	metros	50	Herrería
Ajuste jamás213	False	kg	99	Fijación
Construcción año214	True	metros	193	Pintura
Multifunción oro215	True	L	142	Plomería
Montaje intento216	True	metros	37	Tornillos
Cerrajería clavo217	False	metros	100	Campo
Tornillos color218	False	mg	71	Desbaste
Precisión luego219	False	unidades	140	Corte
Tornillos salud220	False	kg	3	Herrería
Montaje ya221	True	L	94	Construcción
Unión clavar222	False	g	99	Cerrajería
Campo cabello223	True	unidades	186	Mecánicas
Plomería volumen224	False	L	37	Jardinería
Multifunción economía225	False	mL	134	Mecánicas
Desbaste ver226	True	kg	122	Plomería
Tornillos distinguir227	True	g	20	Ajuste
Ajuste guerra228	False	g	152	Carpintería
Cerrajería político229	True	unidades	9	Tornillos
Unión progreso230	False	L	94	Unión
Pintura suya231	False	g	174	Jardinería
Precisión fabricar232	True	g	199	De
Herrería antes233	False	metros	54	Fijación
Cerrajería palabra234	False	mg	69	Tornillos
Herrería rata235	True	g	28	Fijación
Electricidad semana236	False	unidades	50	Montaje
Carpintería odiar,237	True	kg	43	Fijación
Ajuste jugar238	False	kg	190	Campo
Multifunción espalda239	False	L	9	Campo
Fijación real240	True	mL	4	Cerrajería
Multifunción vida241	True	L	183	Fijación
Herrería delgado242	True	mg	130	Tornillos
Herrería ser243	False	g	165	Jardinería
Montaje coma244	False	mg	53	Medición
De sugerencia245	True	mL	157	Jardinería
De ninguna,246	False	unidades	150	Jardinería
Ajuste posiblemente247	True	L	34	Plomería
Soldadura alcanzar248	True	unidades	41	Pintura
Cerrajería comparar249	False	kg	114	Medición
Electricidad seguir250	False	mg	21	Soldadura
Ajuste cualquiera251	False	mg	27	Golpe
Plomería de252	False	mL	197	Pintura
Soldadura mercado253	True	kg	195	Golpe
Jardinería área254	False	g	112	Campo
Sujeción cuadro255	False	mL	11	Mecánicas
Cerrajería amargo256	False	mL	103	Electricidad
Campo pasto257	False	g	169	Golpe
Golpe Demostrativos258	False	mg	19	Mecánicas
Relojería nada259	False	mL	109	Precisión
Electricidad siquiera260	True	kg	184	Desbaste
Herrería ansioso261	True	mL	55	Medición
Soldadura hoja262	False	mg	50	Construcción
Desbaste paz263	True	L	177	Plomería
Plomería éxito264	False	kg	76	Desbaste
Jardinería creer265	True	metros	94	Ajuste
Montaje nieta266	False	metros	158	Campo
Precisión amarillo267	True	mL	53	Sujeción
Precisión boleto268	False	unidades	39	Carpintería
Herrería automóvil,269	True	mL	127	Carpintería
Desbaste casa270	True	kg	150	Precisión
Sujeción sobre271	False	unidades	45	Precisión
Montaje bisnieta272	True	metros	4	Ajuste
Plomería aburrirse273	True	metros	144	Electricidad
Cerrajería llorar274	True	mL	35	Cerrajería
Herrería panel275	False	mL	135	Jardinería
Corte máquina276	False	mg	77	Golpe
Mecánicas añadir,277	False	metros	74	Campo
Plomería débil278	False	mg	155	Golpe
Plomería obtener,279	False	g	16	Corte
Soldadura automóvil,280	False	mL	168	De
Desbaste director281	False	unidades	61	Electricidad
Campo éxtasis282	True	unidades	175	Mecánicas
Mecánicas algo283	False	unidades	189	Multifunción
Pintura capaz284	False	unidades	58	Sujeción
Carpintería glúteos285	True	mL	146	Construcción
Plomería pareja286	True	L	23	Unión
Carpintería Números287	True	L	70	Desbaste
Electricidad Colores288	False	mg	98	Corte
Precisión consejo289	True	mL	175	De
Tornillos público,290	False	metros	9	Corte
Tornillos camiseta291	True	unidades	21	Multifunción
Construcción le,292	False	mL	119	Golpe
Desbaste deprisa293	False	unidades	132	Cerrajería
Tornillos espacio294	False	metros	157	Soldadura
Precisión población295	False	mg	19	Multifunción
Medición solicitar296	False	mg	147	Fijación
Pintura dama297	True	mL	53	Relojería
Precisión nacer298	True	unidades	31	Golpe
Precisión central299	True	kg	90	Golpe
De brazo300	True	mL	189	Sujeción
Cerrajería cintura301	True	kg	131	Campo
Campo ciencia302	False	L	187	Pintura
Tornillos alfabeto303	False	mL	98	Sujeción
Carpintería grupo304	True	kg	190	Soldadura
De flor305	False	g	12	Sujeción
Pintura bus,306	False	mL	61	Multifunción
De continental307	False	mL	37	De
Corte esto308	False	mg	8	Cerrajería
Corte hogar309	True	mL	91	Herrería
Ajuste universidad310	False	g	164	Pintura
Campo año311	False	L	150	Carpintería
Sujeción fabricar312	True	metros	56	Desbaste
Electricidad tratar313	True	kg	170	Corte
Cerrajería separado314	False	unidades	93	Cerrajería
Pintura nuestra315	False	metros	54	Soldadura
Relojería inicialmente316	False	metros	184	Relojería
Plomería trigo317	True	metros	166	Precisión
Multifunción campo318	False	L	143	Tornillos
Carpintería enfadarse319	False	mL	57	Corte
Herrería acertado320	False	mL	168	Unión
Precisión comunicarse321	False	kg	113	Soldadura
Cerrajería cuarto322	True	kg	34	Medición
Medición prima323	False	unidades	91	Soldadura
Precisión tránsito,324	False	metros	131	De
Construcción potencia325	True	metros	113	Pintura
Cerrajería jugar326	True	L	164	Relojería
Precisión ninguno,327	True	unidades	163	Ajuste
Fijación abrir,328	True	L	157	Relojería
Precisión hoy329	False	mL	136	De
Medición picante,330	False	mL	197	Sujeción
Ajuste norma331	False	mL	72	Campo
Jardinería décimo332	True	L	23	Pintura
Campo rata333	True	unidades	44	Soldadura
Relojería movimiento334	False	mL	182	Soldadura
Herrería acordar335	True	mg	126	Cerrajería
Montaje madre336	False	g	119	Unión
Desbaste a337	False	metros	154	De
Electricidad abrir,338	False	mg	194	De
Fijación admirar,339	True	mL	17	Pintura
Unión segundo340	True	g	88	Mecánicas
Campo verde341	False	metros	70	Ajuste
Pintura panel342	True	metros	104	Multifunción
Pintura zapatilla343	True	metros	135	De
Cerrajería gallina344	True	mL	178	Pintura
Herrería existencia345	False	L	92	Jardinería
Ajuste caso346	False	L	163	Pintura
Tornillos frontal347	False	kg	39	Soldadura
Plomería meta348	True	mL	155	Golpe
Relojería insecto349	False	g	23	Tornillos
Campo obtener,350	True	mL	28	Precisión
Soldadura puesto351	False	L	26	Construcción
Precisión leer352	True	L	103	Mecánicas
Cerrajería falta353	True	mg	125	Sujeción
Cerrajería tamaño354	True	metros	108	Corte
Medición utilizar355	False	mL	143	Ajuste
Pintura Hogar356	False	metros	107	Electricidad
Mecánicas patear357	False	L	105	Jardinería
Precisión memoria358	False	mL	33	Unión
Plomería pantalla359	True	metros	113	Sujeción
Jardinería mañana360	False	g	119	Cerrajería
Construcción posibilidad361	True	mL	23	Cerrajería
Ajuste despertar362	False	L	126	Precisión
Unión patatas363	True	metros	107	Fijación
Unión añadir,364	True	L	30	Herrería
Jardinería mayoría365	False	metros	126	Carpintería
Montaje blando366	False	g	113	De
Construcción necesitar,367	False	kg	119	Pintura
Campo nosotros,368	False	mg	155	De
Campo proyecto369	False	unidades	67	Campo
Desbaste pantalón370	True	unidades	96	Cerrajería
Plomería fácilmente371	False	L	154	Construcción
Precisión medir372	True	unidades	59	Fijación
Electricidad francés373	True	unidades	28	Mecánicas
Multifunción lateral374	False	mg	0	Construcción
Fijación escuchar375	False	L	136	Cerrajería
Sujeción tigre376	True	unidades	111	Montaje
Relojería Adverbios377	True	mL	70	Pintura
Mecánicas entristecerse378	True	unidades	65	De
Relojería delgado379	False	metros	185	Fijación
Montaje sí,380	True	unidades	106	Electricidad
Precisión amar381	True	metros	17	Medición
Cerrajería patatas382	False	mg	5	Electricidad
Montaje principio383	True	mL	138	Campo
Cerrajería mejora384	False	g	85	Plomería
Construcción voz385	True	metros	139	Campo
Unión idea386	True	metros	26	De
Campo comprender387	False	kg	49	Carpintería
Soldadura cualquiera388	False	mg	36	Relojería
Medición respuesta389	False	L	178	Herrería
Campo sencillo390	True	mg	182	Jardinería
Multifunción obvio391	True	g	197	Sujeción
Unión dragón392	True	kg	130	Multifunción
Desbaste gallina393	True	L	17	Multifunción
Ajuste zapatilla394	False	mL	138	De
Plomería de395	True	mg	57	Ajuste
Jardinería kilo396	True	mg	72	Electricidad
Golpe acción397	False	L	87	Desbaste
Multifunción tal398	False	g	172	Medición
Multifunción carne399	False	unidades	21	Ajuste
Electricidad aquellos,400	False	unidades	41	Fijación
Unión intento401	True	mL	200	Soldadura
Fijación naturaleza402	False	kg	112	Medición
Fijación ubicación403	False	unidades	193	De
Multifunción coger404	True	mL	175	Sujeción
Electricidad alfabeto405	False	L	156	Pintura
Unión sugerir406	True	metros	50	Golpe
Electricidad delgado407	False	mL	71	Desbaste
Herrería cola408	True	kg	150	Relojería
Medición área409	False	metros	189	Herrería
Cerrajería conflicto410	True	L	181	Soldadura
De dibujo411	True	unidades	145	Ajuste
Sujeción sobre412	True	kg	181	Herrería
Corte actitud413	True	g	63	Multifunción
Golpe física414	True	mL	45	Pintura
Sujeción competencia415	True	unidades	59	Plomería
Precisión elefante416	False	L	34	Montaje
Plomería picante,417	False	mL	76	Pintura
Montaje río418	True	metros	132	De
Ajuste caballero419	True	L	191	Plomería
Jardinería Adjetivos420	True	g	12	Tornillos
De fecha421	False	mg	54	Ajuste
Multifunción arrojar422	True	mL	34	Montaje
Sujeción seguir423	False	kg	30	Relojería
Corte imagen424	False	unidades	98	Montaje
Relojería comprobar,425	True	mL	173	Golpe
Herrería Otros426	True	metros	96	Jardinería
Multifunción sensación427	True	mL	170	Carpintería
Soldadura raro,428	True	g	88	Cerrajería
De penúltimo429	True	metros	51	Campo
Ajuste capital430	False	kg	80	Tornillos
Construcción cantar431	True	kg	112	Carpintería
Electricidad peor432	True	L	97	Golpe
Ajuste venir433	False	L	184	Electricidad
Carpintería municipio434	False	unidades	118	Unión
Construcción largo,435	True	g	195	Relojería
Pintura comprender436	False	L	7	De
Campo Pronombres437	False	mL	162	Pintura
Carpintería unido438	False	unidades	110	Ajuste
Herrería curso439	True	mL	180	Tornillos
Construcción araña440	True	metros	157	Corte
Fijación imposible441	True	L	46	Sujeción
Ajuste decreto442	False	unidades	165	Soldadura
Pintura suya443	True	mL	133	Sujeción
Electricidad castaña444	True	metros	192	Unión
Carpintería gorrión445	False	g	28	Ajuste
Tornillos bus,446	True	L	162	Ajuste
Golpe semilla447	False	metros	140	Carpintería
Golpe empatía448	False	L	139	Jardinería
Jardinería solamente449	False	unidades	121	Soldadura
Electricidad informe450	False	unidades	92	Sujeción
Fijación metro451	False	L	91	De
Jardinería Actividades452	True	unidades	181	Medición
Soldadura interrupción453	False	kg	76	Electricidad
Pintura nuestra454	False	L	196	Ajuste
Electricidad salud455	False	unidades	140	Cerrajería
Plomería rural456	False	g	23	Plomería
Mecánicas gorrión457	True	kg	137	Soldadura
Plomería fuente458	True	unidades	36	Medición
De diputado459	True	kg	198	Cerrajería
Unión alabar,460	False	kg	74	Jardinería
Campo milenio461	False	mg	117	Carpintería
Golpe sector462	True	mg	41	Desbaste
Jardinería máquina463	False	unidades	89	Precisión
Relojería oro464	False	mg	27	Multifunción
Herrería automático465	True	metros	67	Herrería
Pintura frontal466	True	mg	98	Multifunción
Plomería paraguas467	False	mL	188	Fijación
Plomería sensaciones468	True	unidades	115	Fijación
Sujeción bisnieto469	True	kg	172	Campo
Sujeción japonés470	False	unidades	132	Plomería
Relojería departamento471	False	L	138	Corte
Precisión posesivos472	True	mg	119	Montaje
Relojería unido473	False	mL	170	Cerrajería
Plomería diez474	False	unidades	177	Precisión
Campo de475	True	kg	158	Campo
Corte amor476	False	g	123	Cerrajería
Montaje castaño477	False	L	174	Desbaste
Cerrajería progreso478	False	unidades	96	Montaje
Electricidad Pronombres479	False	mg	193	Pintura
Precisión sociedad480	False	mg	3	Herrería
Corte carne481	True	metros	61	Pintura
Medición interrupción482	False	metros	92	Multifunción
Multifunción nuestra483	True	unidades	133	Construcción
Herrería ninguno,484	False	mg	19	Precisión
Ajuste señor485	False	unidades	71	Plomería
Precisión memoria486	False	unidades	75	Carpintería
Unión solitario487	True	unidades	75	Pintura
Fijación alimentos488	True	mL	89	Relojería
Montaje tras489	True	L	170	Carpintería
Electricidad despacio490	True	L	12	De
Pintura gallina491	False	kg	0	Corte
De caro492	True	L	4	Soldadura
Montaje favor493	False	g	113	Ajuste
Construcción mundo494	False	kg	52	Tornillos
Medición oreja495	True	kg	193	Cerrajería
Pintura niño496	False	mg	154	Pintura
Precisión monte497	False	mL	197	Medición
Tornillos amargo498	True	mg	116	Mecánicas
Precisión asustado,499	False	mL	1	Tornillos
Mecánicas recoger500	False	L	179	Campo
Unión profesión501	True	kg	83	Mecánicas
De menudo502	False	unidades	18	Desbaste
Soldadura jungla503	False	mL	183	Sujeción
Cerrajería quitar,504	False	metros	138	Ajuste
Plomería blanco505	False	metros	150	Soldadura
Desbaste a,506	True	unidades	161	Ajuste
De querer507	False	mg	142	Fijación
Golpe delante508	True	L	80	De
Mecánicas frío509	False	L	128	Mecánicas
Corte acercar510	False	unidades	158	Medición
Mecánicas consejo511	True	g	101	Tornillos
Jardinería golpear512	False	mg	155	Fijación
Multifunción durazno513	True	unidades	85	Carpintería
Unión y514	False	mg	40	Multifunción
Golpe altura515	True	mL	133	Cerrajería
Construcción carretera516	False	metros	148	Corte
Herrería yo517	False	L	85	Medición
Precisión regional518	True	L	129	Precisión
Precisión universidad519	False	L	106	Ajuste
Soldadura oro520	True	mL	174	Mecánicas
Unión concepto521	False	mg	107	Desbaste
Ajuste y522	True	kg	65	Precisión
Golpe cuánto523	False	kg	111	Herrería
Fijación longitud524	False	unidades	116	Golpe
Pintura aumento525	False	L	111	Precisión
Mecánicas cargo526	True	unidades	16	De
Carpintería retroceso527	True	g	81	Golpe
Montaje esas528	False	mg	176	Pintura
Carpintería mediodía529	True	g	191	Ajuste
Mecánicas cerdo530	False	g	39	Soldadura
Montaje alfabeto531	True	kg	134	Golpe
Golpe segundo532	False	mg	0	Multifunción
Pintura unido533	True	mL	182	Multifunción
Medición guerra534	False	g	38	Herrería
Pintura suelo535	True	g	176	Medición
Cerrajería blando536	False	unidades	151	Jardinería
Pintura hacia537	False	mL	180	Tornillos
Mecánicas mujer538	True	mL	132	Plomería
Ajuste aquí539	True	mg	58	Ajuste
Soldadura culo540	False	mL	124	Carpintería
Medición martes541	False	L	154	Multifunción
Electricidad alto,542	False	unidades	3	Precisión
Unión lejos543	False	mL	85	Electricidad
Fijación Sustantivos544	False	kg	41	Plomería
Unión entender,545	True	L	184	Cerrajería
Plomería sin546	False	L	119	Sujeción
Golpe de547	False	mg	58	Montaje
De documento548	False	kg	26	Electricidad
Unión entender,549	True	unidades	186	Cerrajería
Electricidad destrucción550	True	kg	151	Medición
Unión obra551	False	kg	14	Campo
Campo solicitar552	True	g	178	Desbaste
Soldadura Transportes553	True	unidades	25	Medición
Pintura castaña554	False	metros	47	Carpintería
Multifunción rojo555	True	mL	78	Plomería
Desbaste lago556	True	mL	0	Precisión
Jardinería kilómetro557	True	metros	8	Sujeción
Montaje retroceder558	False	unidades	83	Carpintería
Ajuste semilla559	True	mL	76	Corte
Desbaste Adverbios560	True	L	77	Electricidad
Corte universal561	False	unidades	119	Unión
Medición calle562	False	kg	23	Tornillos
Medición ansioso563	True	unidades	139	Soldadura
Cerrajería morir564	False	g	94	Electricidad
Unión figura565	False	unidades	109	Mecánicas
Corte trigo566	True	unidades	180	Montaje
Jardinería palma567	True	L	27	Ajuste
Medición comunicación568	False	mg	130	Golpe
Carpintería solitario569	False	L	11	Corte
Pintura agua570	True	mg	14	Corte
Plomería solución571	False	metros	15	Montaje
Herrería idea572	False	kg	143	Ajuste
Precisión vosotros,573	True	metros	14	Golpe
Desbaste diagonal574	False	L	154	Multifunción
Corte obligación575	True	g	37	Multifunción
Pintura mentira576	False	kg	128	Plomería
De flor577	True	mg	98	Mecánicas
Soldadura formación578	False	kg	74	Cerrajería
Multifunción situación579	True	g	22	Soldadura
Electricidad utilizar580	True	mL	78	De
Carpintería nuestro,581	False	mg	51	Multifunción
Corte cansancio582	True	unidades	132	Ajuste
Carpintería bambú583	False	mg	198	Jardinería
Desbaste salado584	False	g	43	Desbaste
Campo trabajar585	False	kg	193	Montaje
Desbaste demasiado586	True	mg	48	Campo
Construcción serpiente587	True	metros	18	Tornillos
Cerrajería allá588	False	g	66	Multifunción
Plomería ascensor589	False	mg	10	Soldadura
Ajuste trancar590	True	mg	141	Herrería
Desbaste texto591	True	mg	165	Campo
Golpe tierra592	False	L	95	Relojería
Ajuste oeste593	False	mg	106	Corte
Golpe particular594	False	unidades	90	Campo
Montaje camarón595	False	L	186	Electricidad
Golpe tarifa596	True	g	158	Multifunción
Relojería autoridad597	True	g	104	Corte
Mecánicas quinto598	False	unidades	56	Multifunción
Precisión servicio599	False	g	64	De
Golpe sobre600	False	mg	34	Pintura
Soldadura construir601	False	mg	153	Ajuste
Precisión nos602	False	mL	40	Herrería
Campo recién603	False	unidades	183	Relojería
Multifunción rechazar604	True	L	53	Desbaste
Ajuste galaxia605	True	mL	91	Electricidad
Herrería lanzar606	False	g	135	Corte
Pintura caluroso607	False	kg	170	Medición
Soldadura algo608	False	metros	72	Cerrajería
Electricidad vez609	False	mL	152	Relojería
Precisión hombre610	True	kg	154	Plomería
Medición reciente611	True	metros	102	Plomería
Sujeción Movimiento612	True	unidades	110	Jardinería
Ajuste gente613	False	metros	33	Cerrajería
Mecánicas cinturón614	False	unidades	184	Carpintería
Golpe interior615	False	metros	136	Carpintería
Ajuste Adjetivos616	True	mg	121	Fijación
Pintura sencillo617	True	mL	38	Relojería
De gramo618	True	mL	10	De
Relojería consejo619	True	L	105	Sujeción
Medición y620	False	kg	186	Medición
Mecánicas deterioro621	True	g	133	Tornillos
Multifunción arte622	True	unidades	88	Relojería
Golpe acercar623	True	metros	118	Jardinería
Ajuste cambiar624	True	kg	172	Herrería
Tornillos lluvia625	True	unidades	89	Herrería
Relojería seguridad626	True	mL	103	Plomería
Ajuste forma627	False	kg	72	Campo
Sujeción ciruela628	False	L	27	Pintura
Fijación allí629	False	kg	185	De
Jardinería zanahoria630	False	mL	100	Unión
Golpe Adjetivos631	False	metros	66	Golpe
Sujeción manera632	False	metros	10	Herrería
Electricidad según633	True	mL	28	De
De posesivos634	True	kg	159	Sujeción
Electricidad incorrecto,635	True	L	98	Ajuste
Construcción aguja636	True	unidades	156	Plomería
Soldadura reunirse637	False	metros	115	Fijación
Plomería bigote638	False	L	160	Sujeción
Precisión otras639	False	metros	109	Soldadura
Campo tarde640	True	mg	111	Herrería
Jardinería significar641	True	unidades	122	Desbaste
Soldadura de642	True	L	174	Cerrajería
Medición congresista643	True	mL	185	Medición
Pintura grabado644	True	g	160	Fijación
Campo norma645	False	metros	156	Medición
Campo incorrecto,646	False	mg	107	Sujeción
Mecánicas suya647	True	unidades	16	Relojería
Carpintería lombriz648	True	mL	141	Corte
Pintura superficie649	False	mg	147	Montaje
Soldadura nieta650	False	g	116	Ajuste
Multifunción de,651	False	L	159	Unión
Unión mejor652	True	kg	44	Campo
Herrería mundo653	False	unidades	19	Jardinería
Sujeción vista654	True	g	17	Tornillos
Jardinería seguridad655	True	unidades	158	De
Electricidad elogiar656	True	metros	51	Unión
Fijación que657	False	kg	25	Pintura
Sujeción diverso658	True	kg	192	Tornillos
Plomería edificio659	False	kg	39	Tornillos
Desbaste reparar660	False	unidades	169	Montaje
Desbaste mejor661	True	L	90	Construcción
Corte construcción662	True	unidades	44	Electricidad
Electricidad ruta663	False	mL	94	Golpe
Carpintería izquierda664	True	L	99	Cerrajería
Mecánicas especial665	True	metros	37	Cerrajería
Plomería doblar666	True	kg	127	Golpe
Construcción del667	False	L	199	Soldadura
Soldadura existir668	False	mL	140	Carpintería
Soldadura conocimiento669	False	L	81	Montaje
Carpintería problema670	True	L	63	Plomería
Campo jueves671	True	L	60	Tornillos
Relojería atender672	False	g	19	Pintura
Herrería hoja673	True	g	191	Plomería
Electricidad sin674	True	metros	32	Golpe
Construcción además675	False	unidades	7	Mecánicas
Sujeción rojo676	True	unidades	171	Cerrajería
Electricidad deprisa677	True	L	8	Plomería
Herrería dirección678	False	unidades	138	Campo
Campo frío679	True	mg	36	Fijación
Relojería ayudar680	False	mg	180	Multifunción
Construcción destrucción681	True	kg	70	Plomería
Golpe solamente682	False	metros	73	Jardinería
Pintura oído683	True	metros	114	Medición
Corte sensaciones684	False	kg	51	Construcción
Construcción decir685	False	kg	181	Pintura
Golpe instituto686	False	unidades	27	Relojería
Construcción nuez687	True	metros	192	Jardinería
Corte Transportes688	True	metros	135	Construcción
Corte así689	True	mg	196	Carpintería
Precisión pesar690	True	g	79	Ajuste
Jardinería estrella691	True	g	88	Construcción
Herrería único692	True	L	170	Cerrajería
Desbaste cuarto693	True	L	10	Medición
Pintura fuego694	False	L	53	Montaje
Mecánicas aeropuerto695	False	L	99	Mecánicas
Plomería recibir696	True	unidades	100	Unión
Relojería menudo697	True	mg	143	Medición
Multifunción mostrar698	False	mL	53	Pintura
Construcción lejos699	False	L	132	Soldadura
Tornillos ambos700	False	metros	20	Campo
Multifunción decisión701	True	L	52	Relojería
Desbaste peor702	False	metros	165	Mecánicas
Soldadura placer,703	False	metros	84	Cerrajería
Montaje Adjetivos704	False	kg	172	Medición
Jardinería angosto705	False	mg	158	Ajuste
Multifunción segundo706	False	metros	9	Cerrajería
Campo blanco707	True	L	191	Pintura
Fijación acierto708	False	unidades	53	Tornillos
Desbaste cama709	True	mg	108	Golpe
Montaje cebada710	True	L	62	Herrería
Relojería comunicarse711	False	metros	91	Medición
Herrería exterior712	False	mg	168	Medición
Golpe político713	True	mL	16	Golpe
Electricidad delicioso,714	True	L	56	De
Montaje cuervo715	True	mL	88	Jardinería
Cerrajería diccionario716	True	kg	87	Soldadura
Mecánicas incorrecto,717	True	mL	129	Multifunción
Ajuste suave718	False	mL	91	Corte
Mecánicas vuestra719	True	L	34	Multifunción
Electricidad hilo720	False	mL	166	Golpe
Campo cansancio721	True	mL	49	Pintura
Multifunción realidad722	True	kg	132	Soldadura
Construcción mujer723	True	metros	192	Fijación
Herrería diverso724	True	mg	103	Herrería
Unión empatía725	False	mg	116	Plomería
Multifunción aparato726	False	g	178	Pintura
Campo pedir,727	True	L	62	Herrería
Golpe mayoría728	False	unidades	188	Jardinería
Montaje potencia729	True	mg	147	Medición
Fijación personalidad730	False	kg	113	Sujeción
Construcción atún731	False	g	93	Plomería
Tornillos despejado732	False	kg	62	Medición
Campo zanahoria733	True	g	115	Medición
Cerrajería escultura734	False	metros	192	Montaje
Sujeción una,735	False	g	56	Corte
Relojería alemán736	True	metros	9	Plomería
Corte tal737	True	mg	37	Jardinería
Mecánicas aire738	True	metros	33	Electricidad
Corte oveja739	True	L	65	Electricidad
Corte falso740	False	metros	195	Relojería
De verdad741	True	L	155	Multifunción
Corte representante742	True	kg	4	Ajuste
Soldadura olfato743	True	L	118	Plomería
Sujeción lanzar744	True	L	113	Precisión
Multifunción jungla745	True	unidades	51	Relojería
Multifunción cuerda746	False	L	138	Herrería
Soldadura cuya747	False	g	65	Tornillos
Herrería semana748	True	mg	15	Tornillos
Plomería esto749	True	g	64	Herrería
Soldadura sal750	False	mg	141	De
Corte calamar751	True	mg	85	Plomería
Plomería trancar752	True	L	126	Corte
Montaje suave753	False	mL	80	Corte
Jardinería de754	True	unidades	95	Pintura
Unión calidad755	False	unidades	5	Desbaste
Montaje social756	False	L	114	De
Corte familia757	False	mL	99	Montaje
Ajuste Adjetivos758	True	unidades	108	Campo
Ajuste revista759	True	L	176	Fijación
Golpe sorprendido760	True	g	169	Relojería
Desbaste noticia761	False	metros	58	Multifunción
Fijación campo762	False	unidades	162	Soldadura
Montaje de,763	True	mL	130	Multifunción
Medición como764	False	L	90	Montaje
Golpe comunicación765	False	mL	36	Ajuste
Mecánicas diez766	True	mL	51	Mecánicas
Jardinería dinero767	False	mL	65	Desbaste
Cerrajería tratar768	False	mL	29	Carpintería
Desbaste esa,769	True	unidades	142	Fijación
Carpintería codo770	False	mg	114	Carpintería
Cerrajería dolor771	False	mg	3	Cerrajería
Campo faltar772	False	metros	191	Pintura
Campo estación,773	True	kg	96	Campo
Medición cordelcordón774	False	mg	84	Jardinería
Unión político775	True	metros	32	Multifunción
Desbaste noche776	False	mL	8	Soldadura
Jardinería usted777	False	g	62	Golpe
Herrería atemorizado778	True	L	126	Campo
Construcción nivel779	False	g	16	Golpe
Precisión noche780	False	kg	114	Plomería
Multifunción marisco781	False	unidades	176	Relojería
Desbaste paso782	True	metros	21	Electricidad
Ajuste universidad783	True	mL	96	Tornillos
Desbaste artístico784	False	L	77	Sujeción
Montaje situación785	False	kg	181	Ajuste
Precisión fuerza786	True	g	55	Precisión
Unión agitado787	False	metros	48	Desbaste
Sujeción propósito788	True	mL	170	Unión
Jardinería apartamento789	False	mL	20	De
Mecánicas avance790	False	unidades	0	Construcción
Jardinería privado791	False	L	159	Soldadura
Pintura tarde792	False	kg	16	Corte
Tornillos recoger793	True	L	94	Golpe
Corte selva794	False	kg	173	Cerrajería
Electricidad un,795	False	unidades	85	Desbaste
Relojería cremallera,796	False	unidades	112	Fijación
Soldadura semana797	False	metros	46	Plomería
Golpe o798	False	kg	121	Montaje
Pintura control799	False	metros	56	Ajuste
Campo color800	True	metros	149	Pintura
Multifunción estado801	False	L	133	Multifunción
Jardinería gobernador802	True	mg	49	Electricidad
Construcción al803	True	mg	150	Plomería
Pintura del804	True	kg	81	Precisión
Medición acercar805	True	mL	32	Carpintería
Construcción autobús,806	False	g	6	Precisión
Soldadura significado807	True	mL	198	Electricidad
Ajuste cuánto808	False	unidades	80	Unión
Electricidad humanidad809	False	g	92	Fijación
Cerrajería susto810	True	mg	97	Construcción
Ajuste estado811	True	metros	183	Construcción
Corte mejor812	True	unidades	198	Corte
Multifunción característica813	False	mL	162	Jardinería
Golpe acierto814	True	L	94	Jardinería
Ajuste cuánto815	False	L	25	Desbaste
Pintura retroceso816	False	mg	127	Unión
Herrería encantarse817	True	mL	188	Tornillos
Medición desenvolver818	True	unidades	164	Montaje
Campo calidad819	False	mL	15	Jardinería
Tornillos trabajar820	False	L	188	Precisión
Relojería humanidad821	True	metros	90	Construcción
Electricidad grabado822	True	metros	1	Construcción
Campo cuyo,823	True	kg	199	Relojería
De buscar824	False	mL	63	Unión
Desbaste noticia825	True	g	90	Desbaste
Construcción ómnibus826	True	metros	52	Sujeción
Cerrajería trueno827	True	metros	180	Electricidad
Plomería autobús,828	True	L	127	Corte
Plomería humano829	True	unidades	8	Precisión
Precisión Adverbios830	False	g	134	Cerrajería
Campo carretera831	True	mg	176	Construcción
De muy832	False	kg	123	Mecánicas
Electricidad departamento833	True	g	139	Soldadura
Campo personalidad834	False	mL	188	Construcción
Electricidad fácilmente835	True	metros	156	Carpintería
Relojería Adverbios836	True	kg	39	Electricidad
Fijación música837	False	g	92	Plomería
Soldadura construir838	False	g	62	Carpintería
Mecánicas parlamentario839	True	mg	103	Sujeción
Herrería sentir840	False	mL	121	Herrería
Relojería incorrecto,841	False	mL	9	Ajuste
Medición milenio842	False	unidades	175	Desbaste
Carpintería otro843	False	mg	145	Golpe
Unión celeste844	True	mg	154	Ajuste
Tornillos agregar845	False	L	80	Electricidad
Ajuste ciruela846	False	unidades	54	Herrería
Pintura rodilla847	True	unidades	134	Unión
Fijación búsqueda848	False	L	136	Plomería
Fijación interés849	False	metros	100	Campo
Construcción solamente850	False	metros	24	Fijación
Campo político851	True	unidades	85	Unión
Medición menor852	False	unidades	35	Medición
Construcción señora853	True	kg	11	Jardinería
Desbaste seguramente854	False	mL	37	Jardinería
Golpe de855	True	kg	12	Carpintería
Medición profesión856	True	mL	164	Jardinería
Herrería tallo857	False	unidades	150	Relojería
Soldadura sol858	True	kg	151	Montaje
Unión cultura859	True	unidades	78	Relojería
Campo instituto860	True	kg	134	Jardinería
Plomería querer861	True	mL	49	Soldadura
Montaje sentimientos862	True	metros	166	Carpintería
Ajuste compacto863	True	mL	105	Jardinería
Precisión tener864	False	g	80	Plomería
Pintura es865	True	mL	132	Sujeción
Sujeción zapatilla866	False	metros	62	Mecánicas
Carpintería dictadura867	False	L	97	Carpintería
Ajuste gracias868	False	mL	32	Tornillos
Unión gas869	False	g	32	Montaje
Precisión tamaño870	True	metros	166	Campo
Pintura humano871	False	unidades	46	Pintura
Ajuste conjunto872	True	g	172	De
Corte pareja873	True	kg	138	Herrería
Cerrajería estas874	False	mL	175	Golpe
Carpintería iniciar,875	False	mL	12	Corte
Campo sin876	True	metros	156	Unión
Corte nosotras877	False	mg	159	Campo
Multifunción vos878	False	L	148	Relojería
Jardinería cámara879	True	mg	76	Multifunción
Tornillos estado880	False	metros	13	Sujeción
Cerrajería oficina881	False	mg	157	Herrería
Medición todo882	True	kg	35	Electricidad
Carpintería beneficio883	False	metros	5	Corte
Construcción metálico884	True	kg	112	Montaje
Ajuste león885	False	metros	185	Medición
Ajuste delicioso,886	False	unidades	66	Desbaste
Relojería dolor887	False	unidades	25	Campo
Mecánicas solicitar888	False	unidades	146	Corte
Sujeción dejar889	True	g	177	Campo
Relojería decisión890	True	mg	129	Desbaste
Jardinería nublado891	False	metros	77	Medición
Golpe enfado892	False	metros	9	Tornillos
Carpintería rojo893	True	mL	157	Multifunción
Golpe desenvolver894	True	g	161	De
Soldadura destino895	False	mL	34	Herrería
Cerrajería por896	True	mL	126	Corte
Ajuste caso897	False	unidades	101	Corte
Plomería meta898	False	L	34	Campo
Sujeción vehículo899	False	mL	74	Montaje
Pintura Objetos900	True	mL	123	Plomería
Jardinería intentar901	False	unidades	123	Fijación
Soldadura uso,902	True	mL	189	Relojería
Carpintería Adverbios903	True	L	187	Corte
Jardinería llorar904	True	g	193	Golpe
Herrería camisa905	False	mL	166	Mecánicas
Herrería montaña906	False	L	200	Desbaste
Jardinería encontrar907	True	g	149	Ajuste
Tornillos escalera908	False	mL	2	Multifunción
Jardinería cerebro909	True	metros	2	Precisión
Montaje volver910	False	mg	135	Unión
De política911	True	unidades	37	Soldadura
Construcción comida912	False	mg	77	Desbaste
Construcción cremallera,913	True	kg	161	Plomería
Multifunción de914	True	L	193	Corte
Relojería temprano915	True	g	179	Desbaste
Campo longitud916	False	mg	172	Soldadura
Cerrajería nuestra917	True	unidades	104	Pintura
Corte consumo918	False	mg	80	Herrería
Mecánicas cremallera,919	False	metros	101	Golpe
Campo señor920	False	mg	59	Pintura
De vuestro,921	False	unidades	183	Ajuste
Montaje cuestión922	False	metros	83	Construcción
Plomería explicar923	True	mL	172	Cerrajería
Desbaste mañana924	True	g	198	Precisión
Campo cine925	False	unidades	56	Campo
Unión beber926	True	L	141	Montaje
Mecánicas mesa927	False	metros	77	Golpe
Pintura nuestra928	False	mL	188	Medición
Herrería don929	False	metros	102	Montaje
Plomería subterráneo,930	True	mg	168	Montaje
Sujeción clavar931	True	kg	97	Cerrajería
Mecánicas forma932	True	L	185	Corte
Desbaste escultura933	True	kg	41	Campo
Plomería manera934	True	mL	58	De
Medición carta935	False	kg	162	Carpintería
Electricidad almendra936	False	g	130	Electricidad
Multifunción imposible937	True	mL	113	Soldadura
Construcción botón938	True	kg	61	Corte
Herrería grabado939	False	L	71	Ajuste
Relojería general940	True	L	26	Ajuste
Golpe diarrea941	False	mL	166	Desbaste
Fijación tuya942	True	L	33	Unión
Cerrajería bambú943	True	mg	141	Cerrajería
Relojería opuesto,944	False	g	12	Jardinería
Jardinería cansarse945	True	g	124	Mecánicas
Mecánicas poco946	True	mL	199	Multifunción
Multifunción acaso947	False	unidades	78	Campo
Construcción trabajar948	True	kg	200	Mecánicas
Golpe gaseosa949	True	L	85	Golpe
Ajuste precio950	False	metros	180	Montaje
Sujeción abdomen951	True	mg	136	Relojería
Multifunción siguiente952	True	unidades	174	Montaje
Pintura selva953	False	mL	82	Golpe
Precisión ella,954	False	g	143	Construcción
Corte misma955	False	kg	126	Montaje
Golpe escuela956	False	metros	189	Tornillos
Golpe solo,957	True	unidades	71	Campo
Corte dado958	True	L	61	Jardinería
Campo cadera959	False	g	118	Corte
Fijación obligación960	True	mL	126	Montaje
Carpintería débil961	True	unidades	148	Cerrajería
Golpe picante,962	True	kg	63	Carpintería
Tornillos cercano963	True	L	150	Relojería
Desbaste cada964	False	mL	65	Fijación
Soldadura dónde965	True	mL	23	Medición
Desbaste cola966	True	g	123	Relojería
Pintura apoyo967	True	mg	114	Relojería
Mecánicas educación968	False	mg	148	Soldadura
Campo quinto969	False	metros	143	Unión
Relojería sobrino970	True	kg	129	Jardinería
Desbaste acertado971	False	kg	173	Desbaste
Sujeción solicitud972	True	unidades	116	Desbaste
Ajuste extraño973	True	metros	136	Soldadura
Herrería afectar974	False	kg	192	Mecánicas
Tornillos cuenta975	False	L	136	Sujeción
Mecánicas sorprendido976	True	g	27	Ajuste
Corte Objetos977	False	metros	17	Carpintería
Medición dar978	True	mg	46	Carpintería
Construcción por979	True	kg	86	Relojería
Cerrajería obtener,980	False	g	80	Tornillos
Corte lateral981	False	mg	33	Golpe
De espinilla982	True	L	13	Herrería
Soldadura conciencia983	True	unidades	10	Tornillos
Carpintería música984	True	unidades	193	Electricidad
Ajuste actividad985	True	metros	37	Unión
Montaje aquellas986	False	mg	199	Construcción
Plomería palma987	True	mg	60	Ajuste
Tornillos organización988	True	mL	186	Herrería
Unión calmo989	False	mg	158	Golpe
Precisión objetivo,990	False	kg	60	Fijación
Cerrajería auto991	True	L	7	Campo
De vía992	True	unidades	158	Golpe
Mecánicas nuestro,993	False	L	29	Sujeción
Tornillos conocida994	False	kg	119	Multifunción
Precisión culo995	False	mg	149	Desbaste
Construcción forma996	False	g	39	Sujeción
Carpintería oído997	True	kg	11	Tornillos
Precisión doloroso998	True	g	95	Plomería
Golpe ayer999	True	g	29	De
